1,0,spray/spray0,
2,1,spray/spray1,
3,2,spray/spray2,
4,3,spray/spray3,
5,4,spray/spray4,
6,5,spray/spray5,
7,6,spray/spray6,
8,7,spray/spray7,
9,8,spray/spray8,
10,9,spray/spray9,
11,10,spray/spray10,
12,11,spray/spray11,
13,12,spray/spray12,
14,13,spray/spray13,
15,14,spray/spray14,
16,15,spray/spray15,
17,16,spray/spray16,
18,17,spray/spray17,
19,18,spray/spray18,
20,19,spray/spray19,
21,20,spray/spray20,
22,21,spray/spray21,
23,22,spray/spray22,
24,23,spray/spray23,
25,24,spray/spray24,
26,25,spray/spray25,
27,26,spray/spray26,
28,27,spray/spray27,
29,28,spray/spray28,
30,29,spray/spray29,
31,30,spray/spray30,
32,31,spray/spray31,
33,32,spray/spray32,
34,33,spray/spray33,
35,34,spray/spray34,
36,35,spray/spray35,
37,36,spray/spray36,
38,37,spray/spray37,
39,38,spray/spray38,
40,39,spray/spray39,
